Date,Open,High,Low,Close,Volume,Dividends,Stock Splits,MA_50,MA_200,Signal,Position
2022-01-03 00:00:00-05:00,174.5429321185891,179.4995892112378,174.42515503160624,178.64566040039062,104487900,0.0,0.0,,,0,0
2022-01-04 00:00:00-05:00,179.25419002967348,179.55845745447346,175.8090608575143,176.3783416748047,99310400,0.0,0.0,,,0,0
2022-01-05 00:00:00-05:00,176.29001709220518,176.83966343060843,171.41188337376713,171.68670654296875,94537600,0.0,0.0,,,0,0
2022-01-06 00:00:00-05:00,169.50773661732023,172.05968310015797,168.46733250526367,168.8206787109375,96904000,0.0,0.0,,,0,0
2022-01-07 00:00:00-05:00,169.69424129913546,170.92113587009246,167.86862157848182,168.987548828125,86709100,0.0,0.0,,,0,0
2022-01-10 00:00:00-05:00,165.95464256744464,169.31142378084766,165.06145986786478,169.0071563720703,106765600,0.0,0.0,,,0,0
2022-01-11 00:00:00-05:00,169.13478740187807,171.94190783972073,167.66251389723809,171.84376525878906,76138300,0.0,0.0,,,0,0
2022-01-12 00:00:00-05:00,172.8645521340357,173.9049564510331,171.58859361801524,172.28546142578125,74805200,0.0,0.0,,,0,0
2022-01-13 00:00:00-05:00,172.5307934232952,173.3552628490283,168.614541185956,169.0071563720703,84505800,0.0,0.0,,,0,0
2022-01-14 00:00:00-05:00,168.17287788763613,170.56777832766494,167.92749898971087,169.87091064453125,80440800,0.0,0.0,,,0,0
2022-01-18 00:00:00-05:00,168.3396988448815,169.35065849662658,166.2785255156258,166.66131591796875,90956700,0.0,0.0,,,0,0
2022-01-19 00:00:00-05:00,166.85763576058818,167.9176743026287,162.87268520870163,163.15731811523438,94815000,0.0,0.0,,,0,0
2022-01-20 00:00:00-05:00,163.89349177041368,166.54358123585433,161.14524474165466,161.46914672851562,91420500,0.0,0.0,,,0,0
2022-01-21 00:00:00-05:00,161.38078458519854,163.25548287606637,159.2999764162496,159.40794372558594,122848900,0.0,0.0,,,0,0
2022-01-24 00:00:00-05:00,157.06213706108227,159.2999915243486,151.8404666623007,158.63255310058594,162294600,0.0,0.0,,,0,0
2022-01-25 00:00:00-05:00,156.04133790955973,159.7514654895658,154.1175758189767,156.82655334472656,115798400,0.0,0.0,,,0,0
2022-01-26 00:00:00-05:00,160.47779205545413,161.35134029387297,154.90279093312674,156.73822021484375,108275300,0.0,0.0,,,0,0
2022-01-27 00:00:00-05:00,159.44720772831658,160.81151382611307,155.35428943492713,156.27691650390625,121954600,0.0,0.0,,,0,0
2022-01-28 00:00:00-05:00,162.64695192499494,167.2011835771804,159.79073801782928,167.18154907226562,179935700,0.0,0.0,,,0,0
2022-01-31 00:00:00-05:00,167.0146888598467,171.76522050687674,166.37669476906368,171.54928588867188,115541600,0.0,0.0,,,0,0
2022-02-01 00:00:00-05:00,170.79353091508946,171.6081906924981,169.12495732448602,171.3824462890625,86213900,0.0,0.0,,,0,0
2022-02-02 00:00:00-05:00,171.51984280427115,172.62896017118422,170.12609251689003,172.58969116210938,84914300,0.0,0.0,,,0,0
2022-02-03 00:00:00-05:00,171.25482156772748,172.9822984461671,168.93844437078735,169.7040252685547,89418100,0.0,0.0,,,0,0
2022-02-04 00:00:00-05:00,168.72129677126426,171.0996042103979,167.7385305552271,169.4190673828125,82465400,0.22,0.0,,,0,0
2022-02-07 00:00:00-05:00,169.88091520981627,170.95212644898317,168.00382872926806,168.70159912109375,77251200,0.0,0.0,,,0,0
2022-02-08 00:00:00-05:00,168.7704203940124,172.32804392038554,168.4755875609354,171.81700134277344,74829200,0.0,0.0,,,0,0
2022-02-09 00:00:00-05:00,173.01597239364082,173.60562304759242,171.88578239754793,173.24200439453125,71285000,0.0,0.0,,,0,0
2022-02-10 00:00:00-05:00,171.1388626912715,172.45576547110866,168.59350246849255,169.15367126464844,90865900,0.0,0.0,,,0,0
2022-02-11 00:00:00-05:00,169.3600979658817,170.09717260247885,165.14402264688573,165.7336883544922,98670700,0.0,0.0,,,0,0
2022-02-14 00:00:00-05:00,164.4855419291192,166.65746140454794,163.68950386212114,165.9695281982422,86185500,0.0,0.0,,,0,0
2022-02-15 00:00:00-05:00,168.02349233461683,169.9693646781473,167.3158996650025,169.81211853027344,62527400,0.0,0.0,,,0,0
2022-02-16 00:00:00-05:00,168.8883606728898,170.35267256794222,167.11937868964532,169.5762939453125,61177400,0.0,0.0,,,0,0
2022-02-17 00:00:00-05:00,168.08246911671398,168.9473080022522,165.56659053604196,165.9695281982422,69589300,0.0,0.0,,,0,0
2022-02-18 00:00:00-05:00,166.893337952625,167.6009157130797,163.32589238939244,164.41676330566406,82772700,0.0,0.0,,,0,0
2022-02-22 00:00:00-05:00,162.13672755479107,163.81726398261975,159.35549802549073,161.4881134033203,91162800,0.0,0.0,,,0,0
2022-02-23 00:00:00-05:00,162.68708741626082,163.28657531432245,156.9968785115613,157.31137084960938,90009200,0.0,0.0,,,0,0
2022-02-24 00:00:00-05:00,149.95042777885615,160.04343810435978,149.38042173851366,159.93533325195312,141147500,0.0,0.0,,,0,0
2022-02-25 00:00:00-05:00,161.0163992959612,162.27433874391238,158.097582687372,162.00900268554688,91974200,0.0,0.0,,,0,0
2022-02-28 00:00:00-05:00,160.24982688187194,162.56915531871957,159.63067948265063,162.27432250976562,95056600,0.0,0.0,,,0,0
2022-03-01 00:00:00-05:00,161.86156976875884,163.72883431123614,159.17862257926774,160.38742065429688,83474400,0.0,0.0,,,0,0
2022-03-02 00:00:00-05:00,161.5569286485252,164.4757453471119,160.14174297698963,163.6895294189453,79724800,0.0,0.0,,,0,0
2022-03-03 00:00:00-05:00,165.56660530985462,165.9990247912093,162.69693011047048,163.36520385742188,76678400,0.0,0.0,,,0,0
2022-03-04 00:00:00-05:00,161.65518372489828,162.69691327903544,159.30637359945834,160.35792541503906,83737200,0.0,0.0,,,0,0
2022-03-07 00:00:00-05:00,160.54466966467405,162.17606497919274,156.29911294194886,156.5546417236328,96418800,0.0,0.0,,,0,0
2022-03-08 00:00:00-05:00,156.08292186895505,160.0729499038518,153.1149639973743,154.72669982910156,131148300,0.0,0.0,,,0,0
2022-03-09 00:00:00-05:00,158.69707147174915,160.59381791240634,156.66275336768058,160.14173889160156,91454900,0.0,0.0,,,0,0
2022-03-10 00:00:00-05:00,157.43911036241218,157.6258383019349,153.29183663849042,155.78807067871094,105342000,0.0,0.0,,,0,0
2022-03-11 00:00:00-05:00,156.1909993742422,156.5349734862068,151.83735301963387,152.06338500976562,96970100,0.0,0.0,,,0,0
2022-03-14 00:00:00-04:00,148.83991330847238,151.4638968278343,147.51318815597864,148.0242156982422,108732100,0.0,0.0,,,0,0
2022-03-15 00:00:00-04:00,148.29938335493543,152.88891376980982,147.78835583208624,152.41717529296875,92964300,0.0,0.0,164.64911529541016,,0,0
2022-03-16 00:00:00-04:00,154.34339594526026,157.24255250796213,151.79803572553402,156.83961486816406,102300200,0.0,0.0,164.21299438476564,,0,0
2022-03-17 00:00:00-04:00,155.8765285127207,158.22533884354678,154.9134219533723,157.8518829345703,75615400,0.0,0.0,163.84246520996095,,0,0
2022-03-18 00:00:00-04:00,157.74376203179685,161.64534417157984,157.006687546888,161.15396118164062,123511700,0.0,0.0,163.63181030273438,,0,0
2022-03-21 00:00:00-04:00,160.6920786569655,163.48314576119236,160.20069560988745,162.5298614501953,95811400,0.0,0.0,163.50599395751954,,0,0
2022-03-22 00:00:00-04:00,162.6576150439786,166.50023417031582,162.06796436975657,165.91058349609375,81532000,0.0,0.0,163.4444546508789,,0,0
2022-03-23 00:00:00-04:00,165.09488461775757,169.66474104201137,164.76073274272346,167.27662658691406,98062700,0.0,0.0,163.40984405517577,,0,0
2022-03-24 00:00:00-04:00,168.11196337652208,171.1388847047802,167.27662120536306,171.07009887695312,90131400,0.0,0.0,163.39437072753907,,0,0
2022-03-25 00:00:00-04:00,170.8833729038462,172.25923943454524,169.77284242104022,171.70889282226562,80546200,0.0,0.0,163.38283935546875,,0,0
2022-03-28 00:00:00-04:00,169.20286492193503,172.70151040277005,169.03579645749323,172.57376098632812,90371900,0.0,0.0,163.4541714477539,,0,0
2022-03-29 00:00:00-04:00,173.64492571274934,175.92493501881802,173.30095161685145,175.8758087158203,100589400,0.0,0.0,163.5742694091797,,0,0
2022-03-30 00:00:00-04:00,175.4728856845117,176.51461532464543,173.6547624474948,174.70632934570312,92633200,0.0,0.0,163.73516967773438,,0,0
2022-03-31 00:00:00-04:00,174.77511451308345,174.96184246595325,171.39439682863326,171.6007843017578,103049300,0.0,0.0,163.90403900146484,,0,0
2022-04-01 00:00:00-04:00,171.03081114375013,171.86616846364407,168.97683325795919,171.3059844970703,78751300,0.0,0.0,164.10077575683593,,0,0
2022-04-04 00:00:00-04:00,171.5615215746409,175.41396370225695,171.43375715594541,175.3648223876953,76468400,0.0,0.0,164.41991333007812,,0,0
2022-04-05 00:00:00-04:00,174.44099692209318,175.22721286513178,171.4140752886788,172.0430450439453,73401800,0.0,0.0,164.6881231689453,,0,0
2022-04-06 00:00:00-04:00,169.38954763944744,170.63766465296877,167.19798366759716,168.86868286132812,89058800,0.0,0.0,164.92896575927733,,0,0
2022-04-07 00:00:00-04:00,168.2102636995684,170.37234630580983,166.92284239749918,169.17337036132812,77594700,0.0,0.0,165.17766876220702,,0,0
2022-04-08 00:00:00-04:00,168.81956860456353,168.81956860456353,166.28403012969582,167.15869140625,76575500,0.0,0.0,165.3953042602539,,0,0
2022-04-11 00:00:00-04:00,165.80247259982983,166.11694994882637,162.6477868725991,162.8934783935547,72246700,0.0,0.0,165.30954284667968,,0,0
2022-04-12 00:00:00-04:00,165.12438053702303,166.9424890030797,163.76815838717138,164.7705841064453,79265200,0.0,0.0,165.17396881103517,,0,0
2022-04-13 00:00:00-04:00,164.5052126435429,168.09230281785548,163.89590247589382,167.4633331298828,70618900,0.0,0.0,165.09558654785155,,0,0
2022-04-14 00:00:00-04:00,167.67955149726123,168.3183584761883,162.19571471867903,162.44140625,75329400,0.0,0.0,164.8926208496094,,0,0
2022-04-18 00:00:00-04:00,161.09499932270256,163.7288199744053,160.75104022360551,162.22518920898438,69023900,0.0,0.0,164.74304412841798,,0,0
2022-04-19 00:00:00-04:00,162.17604187582518,164.92778954530513,161.0851710674028,164.5150146484375,67723800,0.0,0.0,164.64496307373048,,0,0
2022-04-20 00:00:00-04:00,165.85162307101254,165.9695652154126,163.2374763040021,164.34799194335938,67929800,0.0,0.0,164.55789093017577,,0,0
2022-04-21 00:00:00-04:00,165.9990185433864,168.57386081804293,163.05072036783037,163.5519256591797,87227800,0.0,0.0,164.3925894165039,,0,0
2022-04-22 00:00:00-04:00,163.59123952892807,164.97692823082195,158.71671343457257,159.001708984375,84882400,0.0,0.0,164.10778350830077,,0,0
2022-04-25 00:00:00-04:00,158.3432742820327,160.35794785043367,155.72912776950562,160.0729522705078,96046400,0.0,0.0,163.92616912841797,,0,0
2022-04-26 00:00:00-04:00,159.453804965821,159.54225031873102,154.0191094538627,154.0977325439453,95623200,0.0,0.0,163.69345001220702,,0,0
2022-04-27 00:00:00-04:00,153.2230748402012,157.03619732481974,152.7022099776654,153.8717041015625,88063200,0.0,0.0,163.45149353027344,,0,0
2022-04-28 00:00:00-04:00,156.50548217036973,161.68466307901278,156.19098985906734,160.81982421875,130216800,0.0,0.0,163.27164764404296,,0,0
2022-04-29 00:00:00-04:00,159.05086744995398,163.33572839193604,154.53997449609216,154.93307495117188,131747600,0.0,0.0,162.97878326416014,,0,0
2022-05-02 00:00:00-04:00,154.00924409440054,155.5030374004963,150.6285271459851,155.23770141601562,123055300,0.0,0.0,162.7641467285156,,0,0
2022-05-03 00:00:00-04:00,155.42447125561708,157.94036536820087,153.62602227442122,156.73155212402344,88966500,0.0,0.0,162.61044250488283,,0,0
2022-05-04 00:00:00-04:00,156.91828748184096,163.610923336445,156.51534971483846,163.1588592529297,108256500,0.0,0.0,162.643857421875,,0,0
2022-05-05 00:00:00-04:00,161.02623866112972,161.25227067537543,152.27961098375334,154.06825256347656,130525300,0.0,0.0,162.57899505615234,,0,0
2022-05-06 00:00:00-04:00,153.54661873975235,156.92246733373918,151.7455123790077,154.79656982421875,116124600,0.23,0.0,162.47621978759764,,0,0
2022-05-09 00:00:00-04:00,152.4836283339545,153.36942622989235,149.09795898763585,149.65895080566406,131577900,0.0,0.0,162.22921875,,0,0
2022-05-10 00:00:00-04:00,153.0643590542694,154.2650965784608,150.5152434800802,152.07029724121094,115366700,0.0,0.0,162.02513824462892,,0,0
2022-05-11 00:00:00-04:00,151.07626967706778,152.99547661401954,143.50769063696876,144.18679809570312,142689800,0.0,0.0,161.70112579345704,,0,0
2022-05-12 00:00:00-04:00,140.5156506463481,143.89148337119573,136.60833616921673,140.3089599609375,182602000,0.0,0.0,161.23351440429687,,0,0
2022-05-13 00:00:00-04:00,142.3069113841073,145.7614978791984,140.8502848803236,144.78712463378906,113990900,0.0,0.0,160.8619528198242,,0,0
2022-05-16 00:00:00-04:00,143.25177981278947,145.19067486728656,141.90340179419994,143.24192810058594,86643800,0.0,0.0,160.51963287353516,,0,0
2022-05-17 00:00:00-04:00,146.5094945567554,147.40512922042456,144.36390904477065,146.8834991455078,78336300,0.0,0.0,160.32621002197266,,0,0
2022-05-18 00:00:00-04:00,144.53126736021366,145.03320913315295,137.69099476435753,138.5964813232422,109742900,0.0,0.0,160.00360565185548,,0,0
2022-05-19 00:00:00-04:00,137.67130943156462,139.4232021551722,134.4431016025898,135.18125915527344,136095600,0.0,0.0,159.5043960571289,,0,0
2022-05-20 00:00:00-04:00,136.89378037255537,138.47835924778758,130.51610307514665,135.41746520996094,137426100,0.0,0.0,159.0969839477539,,0,0
2022-05-23 00:00:00-04:00,135.61430621725685,140.9979367905799,135.47651740077447,140.85031127929688,117726300,0.0,0.0,158.87272247314453,,0,0
2022-05-24 00:00:00-04:00,138.58661405091433,139.72830130754187,135.16156729888525,138.1437225341797,104132700,0.0,0.0,158.67511260986328,,0,0
2022-05-25 00:00:00-04:00,136.24416789439192,139.55111372624046,136.1555926085565,138.30117797851562,92482700,0.0,0.0,158.39279266357423,,0,0
2022-05-26 00:00:00-04:00,135.22061822713323,142.06087507401406,134.97456571452705,141.5097198486328,90601500,0.0,0.0,158.08619476318358,,0,0
2022-05-27 00:00:00-04:00,143.09428362757757,147.31653769335477,142.96633152872457,147.2771759033203,90978500,0.0,0.0,157.8747006225586,,0,0
2022-05-31 00:00:00-04:00,146.71621679774168,148.28110735892756,144.5214173125584,146.48983764648438,103718400,0.0,0.0,157.58141815185547,,0,0
2022-06-01 00:00:00-04:00,147.53305935939102,149.3440170056093,145.34811215987284,146.3618621826172,74286600,0.0,0.0,157.2580581665039,,0,0
2022-06-02 00:00:00-04:00,145.49575338046964,148.88143788729292,144.54106856251593,148.8223876953125,72348100,0.0,0.0,156.91629425048828,,0,0
2022-06-03 00:00:00-04:00,144.58046123211946,145.63357327354205,142.17900114416437,143.08447265625,88570300,0.0,0.0,156.432451171875,,0,0
2022-06-06 00:00:00-04:00,144.70842020614944,146.22411227912656,142.61204773670627,143.8324737548828,71598400,0.0,0.0,155.8876986694336,,0,0
2022-06-07 00:00:00-04:00,142.07070637844697,146.64727644838695,141.82465390118458,146.3618621826172,67808200,0.0,0.0,155.38075805664062,,0,0
2022-06-08 00:00:00-04:00,146.23392365623158,147.50354794884595,145.13161326153673,145.62371826171875,53950200,0.0,0.0,154.84175720214844,,0,0
2022-06-09 00:00:00-04:00,144.75762100742102,145.61387897508678,140.27946212008615,140.38772583007812,69473000,0.0,0.0,154.1319955444336,,0,0
2022-06-10 00:00:00-04:00,138.0649615534637,138.5373780935634,134.8958045203365,134.96470642089844,91437900,0.0,0.0,153.3371630859375,,0,0
2022-06-13 00:00:00-04:00,130.77199636565416,133.0652077917095,129.36458307542827,129.79763793945312,122207100,0.0,0.0,152.5011001586914,,0,0
2022-06-14 00:00:00-04:00,131.0278641513014,131.7758582423787,129.40390886311616,130.6636962890625,84784300,0.0,0.0,151.68825439453124,,0,0
2022-06-15 00:00:00-04:00,132.16955091202541,135.1713943388265,130.07319387777778,133.2915496826172,91533000,0.0,0.0,150.8467889404297,,0,0
2022-06-16 00:00:00-04:00,129.99447151756362,130.29957424502024,127.00246441029934,128.00636291503906,108123900,0.0,0.0,149.96605529785157,,0,0
2022-06-17 00:00:00-04:00,128.0162178037558,130.97868486516475,127.76031356055556,129.48268127441406,134520300,0.0,0.0,149.1783352661133,,0,0
2022-06-21 00:00:00-04:00,131.31328286822668,134.8958062983936,131.21487088907804,133.72459411621094,81000500,0.0,0.0,148.46935974121095,,0,0
2022-06-22 00:00:00-04:00,132.6616745701608,135.5847798082292,131.7955798825567,133.2128448486328,73409200,0.0,0.0,147.7904428100586,,0,0
2022-06-23 00:00:00-04:00,134.65964445396372,136.40168566511255,133.48843193327303,136.0867462158203,72433800,0.0,0.0,147.2543081665039,,0,0
2022-06-24 00:00:00-04:00,137.6909982443359,139.66927031856164,137.5630611330131,139.4232177734375,89116800,0.0,0.0,146.74736083984374,,0,0
2022-06-27 00:00:00-04:00,140.44678975329754,141.224324205889,138.74411034603793,139.4232177734375,70207900,0.0,0.0,146.18655853271486,,0,0
2022-06-28 00:00:00-04:00,139.88578412525837,141.15540852649434,135.1517360213465,135.26983642578125,67083400,0.0,0.0,145.64312713623048,,0,0
2022-06-29 00:00:00-04:00,135.28951427489562,138.4488199898158,134.51197995876558,137.03155517578125,66242400,0.0,0.0,145.1392544555664,,0,0
2022-06-30 00:00:00-04:00,135.08283314259847,136.1851436237319,131.65778627775248,134.5612030029297,98964500,0.0,0.0,144.54017822265624,,0,0
2022-07-01 00:00:00-04:00,133.89193111018585,136.84456131567046,133.51794149629842,136.73629760742188,71051600,0.0,0.0,143.9879443359375,,0,0
2022-07-05 00:00:00-04:00,135.59463354770725,139.37399683516924,134.767885626568,139.3247833251953,73353800,0.0,0.0,143.5034014892578,,0,0
2022-07-06 00:00:00-04:00,139.11806739782315,141.8443178517002,138.8523265350572,140.66326904296875,74064300,0.0,0.0,143.13663269042968,,0,0
2022-07-07 00:00:00-04:00,141.0274435938611,144.23597778940012,141.0176069003368,144.0391387939453,66253700,0.0,0.0,142.81595642089843,,0,0
2022-07-08 00:00:00-04:00,142.96633860975416,145.22018791054785,142.7104494172261,144.71823120117188,64547800,0.0,0.0,142.62836639404296,,0,0
2022-07-11 00:00:00-04:00,143.36987531125314,144.3245602553875,141.50971892875648,142.58250427246094,63141600,0.0,0.0,142.40258239746095,,0,0
2022-07-12 00:00:00-04:00,143.45845774918337,146.10598530220875,142.75967699315206,143.556884765625,77588800,0.0,0.0,142.05732360839843,,0,0
2022-07-13 00:00:00-04:00,140.73219350243247,144.13755169717774,139.8759205891,143.19271850585938,71185600,0.0,0.0,141.82251647949218,,0,0
2022-07-14 00:00:00-04:00,141.80496013260634,146.59805740261146,140.98806413686148,146.12564086914062,78140700,0.0,0.0,141.6402752685547,,0,0
2022-07-15 00:00:00-04:00,147.4149715696043,148.47792016432717,145.85991797831633,147.79881286621094,76259900,0.0,0.0,141.46162048339843,,0,0
2022-07-18 00:00:00-04:00,148.3598211223461,149.17671722622794,144.38360430388153,144.74777221679688,81420900,0.0,0.0,141.0933987426758,,0,0
2022-07-19 00:00:00-04:00,145.58432390085355,148.84205620646762,144.5902773267497,148.61569213867188,82982400,0.0,0.0,140.98434753417968,,0,0
2022-07-20 00:00:00-04:00,148.73380801228873,151.29275997844778,147.99565052411046,150.6234893798828,64823400,0.0,0.0,140.90088592529298,,0,0
2022-07-21 00:00:00-04:00,152.06044916137068,153.11356109876007,149.54087389527504,152.89703369140625,65086600,0.0,0.0,140.9656475830078,,0,0
2022-07-22 00:00:00-04:00,152.93641282919904,153.81235925179797,150.98768095986142,151.6569366455078,66675400,0.0,0.0,140.95738037109376,,0,0
2022-07-25 00:00:00-04:00,151.5781722761147,152.5919073451431,149.87549323073483,150.534912109375,53623900,0.0,0.0,141.0843426513672,,0,0
2022-07-26 00:00:00-04:00,149.85582028627226,150.67271644888328,148.4188819899041,149.2062530517578,55138700,0.0,0.0,141.2622885131836,,0,0
2022-07-27 00:00:00-04:00,150.17076942758217,154.84576710893515,149.75740301368916,154.3142852783203,78620700,0.0,0.0,141.4528317260742,,0,0
2022-07-28 00:00:00-04:00,154.50126486654779,155.15084700049968,151.97185324970047,154.8654327392578,81378700,0.0,0.0,141.68530181884765,,0,0
2022-07-29 00:00:00-04:00,158.69406405572823,161.04632592196901,156.9815328365377,159.94400024414062,101786900,0.0,0.0,141.9465118408203,,0,0
2022-08-01 00:00:00-04:00,158.46762711645877,161.00689040490016,158.34952673676182,158.95973205566406,67829400,0.0,0.0,142.35377685546874,,0,0
2022-08-02 00:00:00-04:00,157.57203453166576,159.84555733737668,157.10945460814798,157.4834442138672,59907000,0.0,0.0,142.7998205566406,,0,0
2022-08-03 00:00:00-04:00,158.30034109572696,163.95954889245084,158.21176579536746,163.50682067871094,82507500,0.0,0.0,143.36160766601563,,0,0
2022-08-04 00:00:00-04:00,163.38871829491413,164.55009405774106,161.8336644871808,163.19187927246094,55474100,0.0,0.0,143.8084390258789,,0,0
2022-08-05 00:00:00-04:00,160.85604505164724,163.45796799318663,160.64906724368603,162.96517944335938,56697000,0.23,0.0,144.3048681640625,,0,0
2022-08-08 00:00:00-04:00,163.97046163622954,165.38969510382904,161.83176107750737,162.49209594726562,60276900,0.0,0.0,144.7886865234375,,0,0
2022-08-09 00:00:00-04:00,161.654383591601,163.42842563656737,160.8954849037263,162.54139709472656,63135500,0.0,0.0,145.20932006835938,,0,0
2022-08-10 00:00:00-04:00,165.26157448955212,166.89763621928432,164.49282549147833,166.79908752441406,70170500,0.0,0.0,145.59975830078125,,0,0
2022-08-11 00:00:00-04:00,167.6072543726192,168.52384897861626,165.76422984138568,166.05990600585938,57149200,0.0,0.0,145.99115966796876,,0,0
2022-08-12 00:00:00-04:00,167.37071373861576,169.68681094741032,166.95675811414395,169.61782836914062,68039400,0.0,0.0,146.4562789916992,,0,0
2022-08-15 00:00:00-04:00,169.04621123839397,170.8892358519702,168.8786649134066,170.69212341308594,54091700,0.0,0.0,146.8936737060547,,0,0
2022-08-16 00:00:00-04:00,170.28802952506885,171.2046241525694,169.18418785976604,170.534423828125,56377100,0.0,0.0,147.4426727294922,,0,0
2022-08-17 00:00:00-04:00,170.27815992548992,173.60940030005358,170.0810475130616,172.03248596191406,79542000,0.0,0.0,148.00667297363282,,0,0
2022-08-18 00:00:00-04:00,171.2440198074247,172.37742744821887,170.62310142681395,171.63824462890625,62290100,0.0,0.0,148.5122006225586,,0,0
2022-08-19 00:00:00-04:00,170.53438896800841,171.2341552626783,168.83919530641123,169.04617309570312,70346300,0.0,0.0,148.98064971923827,,0,0
2022-08-22 00:00:00-04:00,167.24258643834608,167.41013274664442,164.72936173644348,165.15316772460938,69026800,0.0,0.0,149.4759585571289,,0,0
2022-08-23 00:00:00-04:00,164.67023889482752,166.2767345287208,164.24643288251994,164.8180694580078,54147100,0.0,0.0,150.0730258178711,,0,0
2022-08-24 00:00:00-04:00,164.90677623350408,165.68537556627746,163.85220146265053,165.11373901367188,53841500,0.0,0.0,150.77934783935547,,0,0
2022-08-25 00:00:00-04:00,166.34571105112042,167.68609658373745,165.92192009296824,167.5776824951172,51218200,0.0,0.0,151.51762756347657,,0,0
2022-08-26 00:00:00-04:00,168.10990520235598,168.58297803338863,161.20099961189769,161.2601318359375,78961000,0.0,0.0,152.07699920654298,,0,0
2022-08-29 00:00:00-04:00,158.82573564976346,160.55049548789057,157.5149314068537,159.05242919921875,73314000,0.0,0.0,152.69792053222656,,0,0
2022-08-30 00:00:00-04:00,159.79161664881417,160.2154075742502,155.44521812063925,156.61805725097656,77906200,0.0,0.0,153.24062805175782,,0,0
2022-08-31 00:00:00-04:00,157.99786809208942,158.2639781293564,154.87359037905333,154.9524383544922,87991100,0.0,0.0,153.66518493652345,,0,0
2022-09-01 00:00:00-04:00,154.3807937267726,156.13511973195193,152.43920566957192,155.6817626953125,74229900,0.0,0.0,154.11456329345702,,0,0
2022-09-02 00:00:00-04:00,157.44596671349123,158.04716944145756,152.734908630889,153.5627899169922,76957800,0.0,0.0,154.46408416748048,,0,0
2022-09-06 00:00:00-04:00,154.21324568103077,154.82429865337028,151.47334262357523,152.3012237548828,73714800,0.0,0.0,154.72164428710937,,0,0
2022-09-07 00:00:00-04:00,152.587044582361,154.41035308350388,151.39448974668554,153.71060180664062,87449600,0.0,0.0,155.00739196777343,,0,0
2022-09-08 00:00:00-04:00,152.4096354211257,154.10482916146404,150.47789777328236,152.23223876953125,84923800,0.0,0.0,155.34664001464844,,0,0
2022-09-09 00:00:00-04:00,153.2276750032018,155.54378723487187,152.51805827855026,155.1002655029297,68028800,0.0,0.0,155.7080142211914,,0,0
2022-09-12 00:00:00-04:00,157.2882631049793,161.89090686431402,157.00245233153106,161.0728759765625,104956000,0.0,0.0,156.23824768066407,,0,0
2022-09-13 00:00:00-04:00,157.5937645718297,158.2245332834512,151.15794762648912,151.6211700439453,122656600,0.0,0.0,156.53594512939452,,0,0
2022-09-14 00:00:00-04:00,152.55747250443096,154.83416823515125,151.39449874644285,153.06997680664062,87965400,0.0,0.0,156.81084899902345,,0,0
2022-09-15 00:00:00-04:00,152.41950862141564,153.00101060134492,149.19668199140034,150.17239379882812,90481100,0.0,0.0,157.00103149414062,,0,0
2022-09-16 00:00:00-04:00,149.0291279719984,149.167108171916,146.23007742711988,148.52647399902344,162278800,0.0,0.0,157.0907781982422,,0,0
2022-09-19 00:00:00-04:00,147.15652109079085,152.33080110123336,146.94955831205283,152.251953125,81474200,0.0,0.0,157.24145263671875,,0,0
2022-09-20 00:00:00-04:00,151.1875492113153,155.800058716333,150.87217230085707,154.63706970214844,107689800,0.0,0.0,157.4825439453125,,0,0
2022-09-21 00:00:00-04:00,155.07069875161233,156.4505157277147,151.38464998799563,151.50291442871094,101696800,0.0,0.0,157.6414645385742,,0,0
2022-09-22 00:00:00-04:00,150.18223999013938,152.24209247430875,148.73344048207258,150.53704833984375,86652500,0.0,0.0,157.78835113525392,,0,0
2022-09-23 00:00:00-04:00,149.00942429859677,149.28538472080464,146.4173513628068,148.2603759765625,96029900,0.0,0.0,157.83104583740234,,0,0
2022-09-26 00:00:00-04:00,147.50148298209515,151.55220575538115,147.48176722784044,148.59547424316406,93339400,0.0,0.0,157.8469790649414,,0,0
2022-09-27 00:00:00-04:00,150.53708939650227,152.4885283327447,147.78732017665826,149.5712127685547,84442700,0.0,0.0,157.94344787597657,,0,0
2022-09-28 00:00:00-04:00,145.5106120290712,148.46734352386844,142.75099295951767,147.6788787841797,146691400,0.0,0.0,157.92471160888672,,0,0
2022-09-29 00:00:00-04:00,143.99281757061257,144.60387054853373,138.65097655674526,140.42501831054688,128138200,0.0,0.0,157.7207421875,,0,0
2022-09-30 00:00:00-04:00,139.2423359620473,141.03609356030535,136.0096441732016,136.20675659179688,124925300,0.0,0.0,157.3869366455078,,0,0
2022-10-03 00:00:00-04:00,136.2166245441246,141.00653009557303,135.70412021518845,140.3954620361328,114311700,0.0,0.0,157.16170715332032,,0,0
2022-10-04 00:00:00-04:00,142.9382384476115,144.11107754403744,142.1793399077984,143.99281311035156,87830100,0.0,0.0,157.03086517333983,,0,0
2022-10-05 00:00:00-04:00,141.9921012373244,145.25435906019973,140.94737686981628,144.28848266601562,79471000,0.0,0.0,156.932509765625,,0,0
2022-10-06 00:00:00-04:00,143.7069978739473,145.41204208560697,143.12551098076761,143.3324737548828,68402200,0.0,0.0,156.71287353515626,,0,0
2022-10-07 00:00:00-04:00,140.4841648717613,141.03610072606975,137.4387349893986,138.0695037841797,85925600,0.0,0.0,156.37695495605467,,0,0
2022-10-10 00:00:00-04:00,138.39474487304688,139.84354452092543,136.5714361256321,138.39474487304688,74899000,0.0,0.0,155.9459698486328,,0,0
2022-10-11 00:00:00-04:00,137.88225418694904,139.31135326076313,136.22649159037823,136.97552490234375,77033700,0.0,0.0,155.5062857055664,,0,0
2022-10-12 00:00:00-04:00,137.1233408598166,138.33559643003326,136.1673299106835,136.3447265625,70433700,0.0,0.0,155.08351135253906,,0,0
2022-10-13 00:00:00-04:00,133.0430422244427,141.51899524707383,132.4319742692316,140.9276580810547,113224000,0.0,0.0,154.63192810058592,,0,0
2022-10-14 00:00:00-04:00,142.22863580040965,142.43561361849277,136.19690846794037,136.38417053222656,88598000,0.0,0.0,154.09577392578126,,0,0
2022-10-17 00:00:00-04:00,139.03536366842837,140.83895646188824,138.24689900930798,140.3560333251953,85250900,0.0,0.0,153.64359100341798,,0,0
2022-10-18 00:00:00-04:00,143.39160620792404,144.58414598172774,138.58198553276452,141.67669677734375,99136600,0.0,0.0,153.22728302001954,155.26446937561036,0,0
2022-10-19 00:00:00-04:00,139.6464251768979,142.85940118883795,139.45916311704835,141.78512573242188,61758300,0.0,0.0,152.81215759277345,155.0801667022705,0,0
2022-10-20 00:00:00-04:00,140.95725591977873,143.78585768272674,140.59258212799125,141.32191467285156,64522000,0.0,0.0,152.30261413574217,154.90488456726075,0,0
2022-10-21 00:00:00-04:00,140.80941666017796,145.71760218486398,140.5925884624425,145.14596557617188,86548600,0.0,0.0,151.88433532714845,154.77218086242675,0,0
2022-10-24 00:00:00-04:00,145.06709579621315,148.06324356402658,143.89425664068742,147.29449462890625,75981900,0.0,0.0,151.43786865234375,154.6645499420166,0,0
2022-10-25 00:00:00-04:00,147.92525860269856,150.2906525903393,147.20579155352908,150.14280700683594,74732300,0.0,0.0,151.02688232421875,154.57032623291016,0,0
2022-10-26 00:00:00-04:00,148.78273318220164,149.7978764436125,145.9048346701109,147.19595336914062,88194300,0.0,0.0,150.56011291503907,154.4612702178955,0,0
2022-10-27 00:00:00-04:00,145.9344355551238,146.90029708190616,142.05125865277225,142.7115936279297,109180200,0.0,0.0,149.97369506835938,154.31560935974122,0,0
2022-10-28 00:00:00-04:00,146.06254411260886,155.22841546191245,145.68803498734457,153.49380493164062,164762400,0.0,0.0,149.61080627441407,154.2216510772705,0,0
2022-10-31 00:00:00-04:00,150.9510060343384,152.01543120421692,149.7288849047636,151.12840270996094,97943200,0.0,0.0,149.2524508666992,154.13225730895996,0,0
2022-11-01 00:00:00-04:00,152.8433183089133,153.20797707085114,146.9791368105924,148.47720336914062,80379300,0.0,0.0,148.91893157958984,154.025288772583,0,0
2022-11-02 00:00:00-04:00,146.80170816398885,149.97526767506156,142.9086815703328,142.93824768066406,93604600,0.0,0.0,148.48133514404296,153.90667343139648,0,0
2022-11-03 00:00:00-04:00,140.01109670781145,140.7404292605941,136.74883853349507,136.87696838378906,97918500,0.0,0.0,147.9165997314453,153.77527168273926,0,0
2022-11-04 00:00:00-04:00,140.27294531486436,140.84553006556408,132.66154945569053,136.6103973388672,140814800,0.23,0.0,147.2972540283203,153.65097793579102,0,0
2022-11-07 00:00:00-05:00,135.35665734492238,137.37056348588825,133.93506945075268,137.1435089111328,83374600,0.0,0.0,146.8149215698242,153.53965576171876,0,0
2022-11-08 00:00:00-05:00,138.61444628445304,139.62139172038218,135.73178893253106,137.71607971191406,89908500,0.0,0.0,146.38819458007814,153.4350733947754,0,0
2022-11-09 00:00:00-05:00,136.72889468527546,136.77825830980785,132.8688912272567,133.1453094482422,74917800,0.0,0.0,145.91873962402343,153.31666717529296,0,0
2022-11-10 00:00:00-05:00,139.43384265889435,144.99183654785156,137.7160881791185,144.99183654785156,118854000,0.0,0.0,145.71952758789064,153.257935256958,0,0
2022-11-11 00:00:00-05:00,143.955271925704,148.09167786414133,142.5238023668343,147.78564453125,93979700,0.0,0.0,145.56160522460937,153.21547889709473,0,0
2022-11-14 00:00:00-05:00,147.0649830587826,148.35822845841318,145.544668037547,146.38380432128906,73374100,0.0,0.0,145.41802551269532,153.11149017333983,0,0
2022-11-15 00:00:00-05:00,150.27346869794206,151.62594482925226,146.66026779568415,148.121337890625,89868300,0.0,0.0,145.33442779541016,152.9943504333496,0,0
2022-11-16 00:00:00-05:00,147.22294689122086,147.9534742124063,145.4064651591236,146.8872833251953,64218300,0.0,0.0,145.19796142578124,152.87187461853028,0,0
2022-11-17 00:00:00-05:00,144.5574692004244,149.5428936157141,144.28105100101916,148.79261779785156,80389400,0.0,0.0,145.12916900634767,152.75288925170898,0,0
2022-11-18 00:00:00-05:00,150.36227675012384,150.74728887735557,148.0522039867333,149.35531616210938,74829600,0.0,0.0,145.01427001953124,152.65114570617675,0,0
2022-11-21 00:00:00-05:00,148.23976345815655,148.44706955079,145.83096367172806,146.11724853515625,58724100,0.0,0.0,144.71515747070313,152.53463661193848,0,0
2022-11-22 00:00:00-05:00,146.23573346771818,148.49644255294848,145.05106689456673,148.25950622558594,51804100,0.0,0.0,144.64792419433593,152.43242614746094,0,0
2022-11-23 00:00:00-05:00,147.53882889151882,149.88839824806996,147.43023497007337,149.13812255859375,58301400,0.0,0.0,144.569287109375,152.31903175354003,0,0
2022-11-25 00:00:00-05:00,146.41342757107319,146.97614571181424,145.23864273436385,146.2159881591797,35195900,0.0,0.0,144.49015899658204,152.18390167236328,0,0
2022-11-28 00:00:00-05:00,143.2839657599813,144.7647839323927,141.54647786060335,142.375732421875,69246000,0.0,0.0,144.36714416503906,152.05001197814943,0,0
2022-11-29 00:00:00-05:00,142.44481218129837,142.95816663670598,138.55520957308642,139.36471557617188,83763800,0.0,0.0,144.1093994140625,151.9181671142578,0,0
2022-11-30 00:00:00-05:00,139.59177292691083,146.81817210889182,138.75265175216816,146.13699340820312,111380900,0.0,0.0,143.9393978881836,151.81900444030762,0,0
2022-12-01 00:00:00-05:00,146.31469421224674,147.22292742638413,144.735149018476,146.4134063720703,71250400,0.0,0.0,143.8376077270508,151.7020108795166,0,0
2022-12-02 00:00:00-05:00,144.09349682237342,146.10740304717433,143.78744839224407,145.91983032226562,65447400,0.0,0.0,143.74526336669922,151.58372856140136,0,0
2022-12-05 00:00:00-05:00,145.8803345082114,148.99004656094093,143.90591033158032,144.75491333007812,68826400,0.0,0.0,143.67515411376954,151.47765548706056,0,0
2022-12-06 00:00:00-05:00,145.18927938388143,145.41633393123826,140.1051284296616,141.0824737548828,64727200,0.0,0.0,143.52489410400392,151.36098403930663,0,0
2022-12-07 00:00:00-05:00,140.37169521657745,141.53659829976584,138.20969824104947,139.13768005371094,69721100,0.0,0.0,143.31622344970702,151.2492318725586,0,0
2022-12-08 00:00:00-05:00,140.53953599940877,141.68470582050676,139.2956539918693,140.82582092285156,62128300,0.0,0.0,143.17916229248047,151.16680412292482,0,0
2022-12-09 00:00:00-05:00,140.51976247530513,143.70846830830249,139.0981746838461,140.34207153320312,76097000,0.0,0.0,143.17750335693358,151.06883781433106,0,0
2022-12-12 00:00:00-05:00,140.87515496362036,142.65213964669184,139.25612782207975,142.64227294921875,70462700,0.0,0.0,143.30621368408202,150.97200416564942,0,0
2022-12-13 00:00:00-05:00,147.5882046530128,148.05219553159674,142.39547458111565,143.6097412109375,93886200,0.0,0.0,143.3704992675781,150.8786812591553,0,0
2022-12-14 00:00:00-05:00,143.49129555982842,144.78454109797417,139.35487413932952,141.378662109375,82291200,0.0,0.0,143.31821624755858,150.78363746643066,0,0
2022-12-15 00:00:00-05:00,139.3055040822211,139.98668286120417,134.29046466082826,134.75445556640625,98931900,0.0,0.0,143.1275357055664,150.63896209716796,0,0
2022-12-16 00:00:00-05:00,134.94203206743774,135.8897473019235,132.01987745650547,132.78990173339844,160156900,0.0,0.0,142.91668426513672,150.48608558654786,0,0
2022-12-19 00:00:00-05:00,133.38222793972224,133.47107341378072,129.64070069453433,130.67726135253906,79592600,0.0,0.0,142.7688394165039,150.33768226623536,0,0
2022-12-20 00:00:00-05:00,129.70978773625592,131.54600271059752,128.22896969448558,130.608154296875,77432800,0.0,0.0,142.61310760498046,150.20794982910155,0,0
2022-12-21 00:00:00-05:00,131.27945009767515,135.06047393891612,131.05239555108,133.71786499023438,85928000,0.0,0.0,142.54795440673828,150.10290565490723,0,0
2022-12-22 00:00:00-05:00,132.63196256739838,132.83926868979583,128.63375022087482,130.5390625,77852100,0.0,0.0,142.4318411254883,149.95489227294922,0,0
2022-12-23 00:00:00-05:00,129.24581575552057,130.72663401357696,127.98218538040545,130.17379760742188,63814900,0.0,0.0,142.21676391601562,149.82682090759278,0,0
2022-12-27 00:00:00-05:00,129.69991443642402,129.72952959065904,127.07392696075074,128.36717224121094,69007800,0.0,0.0,142.05642395019532,149.70833984375,0,0
2022-12-28 00:00:00-05:00,128.01178441919723,129.3543934066322,124.26038315698912,124.42820739746094,85438400,0.0,0.0,141.73786743164064,149.5903598022461,0,0
2022-12-29 00:00:00-05:00,126.35323644690803,128.81139172532318,126.09656680126818,127.95252227783203,75703700,0.0,0.0,141.4633839416504,149.4680365371704,0,0
2022-12-30 00:00:00-05:00,126.76791156272077,128.28821159493137,125.80044037402875,128.26846313476562,77034200,0.0,0.0,141.19305068969726,149.3251807785034,0,0
2023-01-03 00:00:00-05:00,128.6139854814398,129.22605213593528,122.58211921528644,123.47061157226562,112117500,0.0,0.0,140.83602462768556,149.1532744216919,0,0
2023-01-04 00:00:00-05:00,125.26734659008874,127.01471627825023,123.48049504473303,124.74412536621094,89113600,0.0,0.0,140.42798782348632,148.97122524261474,0,0
2023-01-05 00:00:00-05:00,125.50426745503849,126.13608257581905,123.16457967496471,123.42124938964844,80962700,0.0,0.0,139.95052291870118,148.775682182312,0,0
2023-01-06 00:00:00-05:00,124.39856687801247,128.62382484382712,123.2928868985485,127.96239471435547,87754700,0.0,0.0,139.50691467285156,148.5859412384033,0,0
2023-01-09 00:00:00-05:00,128.80157186038267,131.70397802412538,128.22898699932045,128.48565673828125,70790800,0.0,0.0,139.13270874023436,148.39198638916017,0,0
2023-01-10 00:00:00-05:00,128.5942214648839,129.5814334016857,126.48158852267441,129.05821228027344,63896200,0.0,0.0,138.85964111328124,148.18192695617677,0,0
2023-01-11 00:00:00-05:00,129.57159828407498,131.80269238208612,128.79170729193848,131.782958984375,69458900,0.0,0.0,138.42542419433593,147.98229728698732,0,0
2023-01-12 00:00:00-05:00,132.1679704181571,132.54310080025633,129.75917030810112,131.7039794921875,71379600,0.0,0.0,138.03693572998046,147.7779483795166,0,0
2023-01-13 00:00:00-05:00,130.34161256817276,133.19465493922883,129.97634891095512,133.0366973876953,57809700,0.0,0.0,137.72812561035155,147.56375282287598,0,0
2023-01-17 00:00:00-05:00,133.10579321952497,135.53432625738486,132.41474784548592,134.20159912109375,63646600,0.0,0.0,137.55339263916017,147.36122917175294,0,0
2023-01-18 00:00:00-05:00,135.07040002388794,136.8375034901603,133.30328149395072,133.48098754882812,69672800,0.0,0.0,137.48547302246095,147.17063018798828,0,0
2023-01-19 00:00:00-05:00,132.36540678256628,134.50765533885576,132.0593734264766,133.54019165039062,58280400,0.0,0.0,137.4240689086914,146.98180122375487,0,0
2023-01-20 00:00:00-05:00,133.55005775379874,136.2550244536786,132.50361529041555,136.10693359375,80223600,0.0,0.0,137.40333740234374,146.78551177978517,0,0
2023-01-23 00:00:00-05:00,136.35374163026458,141.48725702280552,136.1365537453342,139.30551147460938,81760300,0.0,0.0,137.43512603759766,146.62182411193848,0,0
2023-01-24 00:00:00-05:00,138.5156943628908,141.32925420350077,138.5058276671579,140.70730590820312,66435100,0.0,0.0,137.58636596679688,146.48101722717286,0,0
2023-01-25 00:00:00-05:00,139.0883167228264,140.60861677861874,137.03491367991992,140.04591369628906,65799300,0.0,0.0,137.48744750976562,146.33537994384767,0,0
2023-01-26 00:00:00-05:00,141.33917349067576,142.4053645091988,140.08540973782974,142.11907958984375,54105100,0.0,0.0,137.3741162109375,146.21018188476563,0,0
2023-01-27 00:00:00-05:00,141.3293062635936,145.34725220094586,141.2503274776649,144.06387329101562,70555800,0.0,0.0,137.32771759033204,146.11603385925292,0,0
2023-01-30 00:00:00-05:00,143.10628343226185,143.68873499989203,141.0232651416844,141.1713409423828,64015300,0.0,0.0,137.1887176513672,145.9980376434326,0,0
2023-01-31 00:00:00-05:00,140.87516062877287,142.49418783542103,140.46053336332577,142.44482421875,65874500,0.0,0.0,137.0998684692383,145.87294509887695,0,0
2023-02-01 00:00:00-05:00,142.1289453100569,144.7351849828254,139.51283893795213,143.5702667236328,77663600,0.0,0.0,136.9954214477539,145.7785894012451,0,0
2023-02-02 00:00:00-05:00,146.99586653400996,149.24670877710787,146.27520596359832,148.89132690429688,118339000,0.0,0.0,136.98614166259765,145.71192008972167,0,0
2023-02-03 00:00:00-05:00,146.13701293629845,155.36745253753844,145.93957351960248,152.52427673339844,154357300,0.0,0.0,137.1142822265625,145.65196640014648,0,0
2023-02-06 00:00:00-05:00,150.61895772492184,151.14217893420934,148.85183962560956,149.78968811035156,69858300,0.0,0.0,137.14488586425782,145.57917488098144,0,0
2023-02-07 00:00:00-05:00,148.71363285221915,153.24493285853742,148.71363285221915,152.67234802246094,83322600,0.0,0.0,137.21557037353514,145.52477699279785,0,0
2023-02-08 00:00:00-05:00,151.91220679965525,152.60325227526124,149.2368553096487,149.97726440429688,64120100,0.0,0.0,137.2907958984375,145.47965476989745,0,0
2023-02-09 00:00:00-05:00,151.8134955507833,152.35646529011063,148.4964618548583,148.94070434570312,56007100,0.0,0.0,137.42209533691405,145.42399353027344,0,0
2023-02-10 00:00:00-05:00,147.7740456824862,149.63282836750838,147.53674753503748,149.30654907226562,57450700,0.23,0.0,137.62093200683594,145.40003761291504,0,0
2023-02-13 00:00:00-05:00,149.24719136406156,152.5198501850578,149.21753098880535,152.11448669433594,62199000,0.0,0.0,137.7404818725586,145.3912515258789,0,0
2023-02-14 00:00:00-05:00,150.40398304690967,152.03537903023067,149.15820209418638,151.4718017578125,61707600,0.0,0.0,137.84164978027343,145.34451141357422,0,0
2023-02-15 00:00:00-05:00,151.38281594677636,153.745854522139,151.1554147270533,153.57777404785156,65573800,0.0,0.0,137.99480865478515,145.33773490905762,0,0
2023-02-16 00:00:00-05:00,151.77830301928833,154.5664988468429,151.6201193880744,151.97605895996094,68167900,0.0,0.0,138.1392315673828,145.32142669677734,0,0
2023-02-17 00:00:00-05:00,150.6314217151784,151.27408335489702,149.14834246660095,150.82916259765625,59144100,0.0,0.0,138.33416534423827,145.29191474914552,0,0
2023-02-21 00:00:00-05:00,148.50563686680903,149.59323413897312,146.735835945734,146.80503845214844,58867200,0.0,0.0,138.48751251220702,145.2101456451416,0,0
2023-02-22 00:00:00-05:00,147.19065212608928,148.2584708875877,145.4999504020457,147.23020935058594,51011300,0.0,0.0,138.61560028076173,145.17595542907713,0,0
2023-02-23 00:00:00-05:00,148.39689471971093,148.64407457569817,145.57905341345287,147.7146759033203,48394200,0.0,0.0,138.76305236816407,145.14054595947266,0,0
2023-02-24 00:00:00-05:00,145.4505202010405,145.52961956815125,144.07620075664735,145.05503845214844,55469600,0.0,0.0,138.81130767822265,145.1175263977051,0,0
2023-02-27 00:00:00-05:00,146.0437354263551,147.48725716556407,145.7866587511589,146.25135803222656,44998500,0.0,0.0,138.86414001464843,145.08843170166017,0,0
2023-02-28 00:00:00-05:00,145.39120697933842,147.39830637793327,145.17368748018072,145.7471466064453,50547000,0.0,0.0,138.95150970458985,145.09623344421388,0,0
2023-03-01 00:00:00-05:00,145.1736799451875,145.56916169404062,143.37420328858403,143.6708221435547,55479000,0.0,0.0,139.1298370361328,145.11304275512694,0,0
2023-03-02 00:00:00-05:00,142.75131384795435,145.05503189340783,142.27671766674902,144.26405334472656,52238100,0.0,0.0,139.35932006835938,145.11042739868165,0,0
2023-03-03 00:00:00-05:00,146.3700174255545,149.4053933099208,145.66803508048022,149.3262939453125,70732300,0.0,0.0,139.73230072021485,145.14084922790528,0,0
2023-03-06 00:00:00-05:00,152.05515407809082,154.53684949594242,151.72888994336137,152.09471130371094,87558000,0.0,0.0,140.16203186035156,145.16690528869628,0,0
2023-03-07 00:00:00-05:00,151.96617914925054,152.29245838395036,149.4251779626418,149.88987731933594,56182000,0.0,0.0,140.4854721069336,145.22337226867677,0,0
2023-03-08 00:00:00-05:00,151.08621757661572,151.7387760380252,150.11727673451966,151.14553833007812,47204800,0.0,0.0,140.89760162353517,145.30319366455078,0,0
2023-03-09 00:00:00-05:00,151.8277639907766,152.79670487641312,148.53532624571014,148.89126586914062,53833600,0.0,0.0,141.27195098876953,145.37056266784668,0,0
2023-03-10 00:00:00-05:00,148.5155613274809,149.23732233138423,145.94488461714658,146.82484436035156,68572400,0.0,0.0,141.64110443115234,145.40043533325195,0,0
2023-03-13 00:00:00-04:00,146.1426312153812,151.41250811707283,146.03387146368914,148.7726287841797,84457100,0.0,0.0,142.12799285888673,145.45357986450196,0,0
2023-03-14 00:00:00-04:00,149.57347804705336,151.66955846534526,148.40679633095857,150.8686981201172,73695900,0.0,0.0,142.58631637573242,145.51641746520997,0,0
2023-03-15 00:00:00-04:00,149.48449268664993,151.5212522938301,148.2288147892157,151.26419067382812,77167900,0.0,0.0,143.04623092651366,145.56518981933593,0,0
2023-03-16 00:00:00-04:00,150.443542077547,154.69503836094123,149.92940378389787,154.0919189453125,76161100,0.0,0.0,143.6586570739746,145.5992635345459,0,0
2023-03-17 00:00:00-04:00,154.31931404263202,154.9718724178721,152.53961624045886,153.25149536132812,98944600,0.0,0.0,144.22880447387695,145.6330718231201,0,0
2023-03-20 00:00:00-04:00,153.3207323821306,156.03971087014546,152.4110972116962,155.6244354248047,73641400,0.0,0.0,144.87286819458006,145.67938468933104,0,0
2023-03-21 00:00:00-04:00,155.54533387337614,157.60185682514813,154.7741189081368,157.48321533203125,73938300,0.0,0.0,145.4632846069336,145.72268882751465,0,0
2023-03-22 00:00:00-04:00,157.50299444764113,160.31095376257457,156.02979719452793,156.04957580566406,75701800,0.0,0.0,146.01456298828126,145.7875143432617,1,1
2023-03-23 00:00:00-04:00,157.03828312130508,159.7276007367605,155.90124691129472,157.13714599609375,67622100,0.0,0.0,146.57614166259765,145.85403770446777,0,1
2023-03-24 00:00:00-04:00,157.06795670652497,158.53125712176995,156.06935559319226,158.44227600097656,59196500,0.0,0.0,147.1093280029297,145.91443977355956,0,1
2023-03-27 00:00:00-04:00,158.13578467553296,158.9564235953307,156.08912825748425,156.4945068359375,52390300,0.0,0.0,147.60513854980468,145.96879371643067,0,1
2023-03-28 00:00:00-04:00,156.18801000892674,156.7021483382564,154.2204529064242,155.87161254882812,45992200,0.0,0.0,148.06183685302733,146.0462131500244,0,1
2023-03-29 00:00:00-04:00,157.5722198233599,159.23327640666747,157.5524562960156,158.95643615722656,51305700,0.0,0.0,148.55693359375,146.16617179870605,0,1
2023-03-30 00:00:00-04:00,159.70784921727477,160.6372479005565,159.45078759523014,160.5284881591797,49501700,0.0,0.0,149.09788360595704,146.31982604980467,0,1
2023-03-31 00:00:00-04:00,160.60756909681194,163.13868814753852,160.08354906302839,163.03981018066406,68749800,0.0,0.0,149.6878759765625,146.4817066192627,0,1
2023-04-03 00:00:00-04:00,162.41695595857647,164.41415847965385,162.36751696640553,164.29551696777344,56976200,0.0,0.0,150.25164764404298,146.6367264556885,0,1
2023-04-04 00:00:00-04:00,164.72065569074036,164.95793868784338,163.24745837486338,163.7615966796875,46278300,0.0,0.0,150.74076934814454,146.8155026245117,0,1
2023-04-05 00:00:00-04:00,162.88164511746857,163.1881457283857,159.9748075653386,161.91268920898438,51511700,0.0,0.0,151.16487701416017,146.97765266418457,0,1
2023-04-06 00:00:00-04:00,160.5976959928467,163.0991701273508,160.1725538630794,162.80255126953125,45390100,0.0,0.0,151.620009765625,147.12304244995119,0,1
2023-04-10 00:00:00-04:00,159.59907481013732,160.2021942138672,158.2741945090455,160.2021942138672,47716900,0.0,0.0,151.98167205810546,147.25798919677734,0,1
2023-04-11 00:00:00-04:00,160.5186020856557,160.52848384854775,158.6993469072352,158.986083984375,47644200,0.0,0.0,152.28011627197264,147.3724858856201,0,1
2023-04-12 00:00:00-04:00,159.40133668736163,160.23185733032426,157.97757839276272,158.29397583007812,50133100,0.0,0.0,152.62256896972656,147.46683967590332,0,1
2023-04-13 00:00:00-04:00,159.80673767634033,163.92969618258195,159.59909994312628,163.69239807128906,68445600,0.0,0.0,153.04752044677736,147.58818557739258,0,1
2023-04-14 00:00:00-04:00,162.7333124858637,164.44380780578675,161.97200945675792,163.34632873535156,49386500,0.0,0.0,153.4430416870117,147.72856803894044,0,1
2023-04-17 00:00:00-04:00,163.22768401184308,163.52430285260365,162.17964384959518,163.36610412597656,41516200,0.0,0.0,153.73253723144532,147.8602407836914,0,1
2023-04-18 00:00:00-04:00,164.22629596467013,165.52151594579726,163.78136017187086,164.5921173095703,49923000,0.0,0.0,153.97389404296874,148.0103953552246,0,1
2023-04-19 00:00:00-04:00,163.92967071563345,166.26304897753164,163.67259403000486,165.73902893066406,47720200,0.0,0.0,154.292880859375,148.15540901184082,0,1
2023-04-20 00:00:00-04:00,164.21636970597717,165.97628869003532,163.69234973244625,164.77005004882812,52456400,0.0,0.0,154.53483489990234,148.28263534545897,0,1
2023-04-21 00:00:00-04:00,163.18813815793777,164.5723392677561,162.63445771401044,163.15847778320312,58337300,0.0,0.0,154.79845916748047,148.39511138916015,0,1
2023-04-24 00:00:00-04:00,163.13867140830786,163.73190897536492,162.04119246991291,163.46495056152344,41949600,0.0,0.0,155.08894409179686,148.49224044799806,0,1
2023-04-25 00:00:00-04:00,163.32655661191464,164.43391748853472,161.88301968061162,161.92257690429688,48714100,0.0,0.0,155.3412646484375,148.57826217651368,0,1
2023-04-26 00:00:00-04:00,161.22058862196803,163.41554697412082,160.96352700012233,161.91268920898438,45498800,0.0,0.0,155.53722869873047,148.6749131011963,0,1
2023-04-27 00:00:00-04:00,163.32656095584278,166.65854052357386,163.32656095584278,166.51023864746094,64902300,0.0,0.0,155.83799743652344,148.78967987060548,0,1
2023-04-28 00:00:00-04:00,166.58933625125528,167.93399523157063,165.98621681699632,167.76589965820312,55275900,0.0,0.0,156.12175994873047,148.91254577636718,0,1
2023-05-01 00:00:00-04:00,167.370409816753,168.52720964209172,166.7376300382773,167.67691040039062,52472900,0.0,0.0,156.43577697753906,149.02030212402343,0,1
2023-05-02 00:00:00-04:00,168.1712661379265,168.42834281753628,165.65002884530062,166.6387481689453,48425700,0.0,0.0,156.75196868896484,149.1145018005371,0,1
2023-05-03 00:00:00-04:00,167.5879744155346,168.99195445569575,165.27437414174784,165.56109619140625,65136000,0.0,0.0,157.12708984375,149.21856842041015,0,1
2023-05-04 00:00:00-04:00,163.02992793451995,165.1556684360722,162.45646891900202,163.91976928710938,81235400,0.0,0.0,157.46088104248048,149.29508880615234,0,1
2023-05-05 00:00:00-04:00,169.05125040031595,172.3338062754006,168.8337309104411,171.61204528808594,113453200,0.0,0.0,157.9388284301758,149.40003158569337,0,1
2023-05-08 00:00:00-04:00,170.53431814830344,171.88887398730245,170.1684967974759,171.54281616210938,55962800,0.0,0.0,158.468583984375,149.49326049804688,0,1
2023-05-09 00:00:00-04:00,171.09789605728315,171.58235891028352,169.66425593732595,169.83233642578125,45326900,0.0,0.0,158.9402035522461,149.58413749694824,0,1
2023-05-10 00:00:00-04:00,171.06824047843108,172.06684167430913,169.96086445482297,171.60214233398438,53724500,0.0,0.0,159.45730346679687,149.6894736480713,0,1
2023-05-11 00:00:00-04:00,171.88887125937896,172.62051394942262,170.22781484613878,171.7899932861328,49514700,0.0,0.0,160.01968688964843,149.80239234924318,0,1
2023-05-12 00:00:00-04:00,171.89889318697968,172.33453386665053,169.30487018579348,170.85931396484375,45533100,0.24,0.0,160.5515921020508,149.8851174926758,0,1
2023-05-15 00:00:00-04:00,171.44347960387887,171.49298697857782,169.77023004875,170.36428833007812,37266700,0.0,0.0,160.9723519897461,149.96261177062988,0,1
2023-05-16 00:00:00-04:00,170.28507955206572,171.42367363249335,170.0969605927275,170.36428833007812,42110300,0.0,0.0,161.33774353027343,150.01471321105956,0,1
2023-05-17 00:00:00-04:00,170.00783790944186,171.21573009717264,168.7306172756303,170.97811889648438,57951600,0.0,0.0,161.75950836181642,150.07480514526367,0,1
2023-05-18 00:00:00-04:00,171.2850464654308,173.50284672542747,170.86921174934298,173.31472778320312,65496700,0.0,0.0,162.2028921508789,150.15396156311036,0,1
2023-05-19 00:00:00-04:00,174.6414170849176,174.6414170849176,173.20579418857395,173.42361450195312,55809500,0.0,0.0,162.69353912353515,150.20354553222657,0,1
2023-05-22 00:00:00-04:00,172.25532419255816,172.97809854709377,171.7305793150355,172.47314453125,43570900,0.0,0.0,163.20650512695312,150.24995185852052,0,1
2023-05-23 00:00:00-04:00,171.41378851785805,171.66131029872133,169.58212129645744,169.85934448242188,50747300,0.0,0.0,163.62823944091798,150.28442268371583,0,1
2023-05-24 00:00:00-04:00,169.393985633902,170.71080319124064,168.82964388505917,170.1365509033203,45143500,0.0,0.0,164.01359649658204,150.32264495849608,0,1
2023-05-25 00:00:00-04:00,170.70089424192957,172.1761141248664,169.98803043113716,171.275146484375,56058300,0.0,0.0,164.41381561279297,150.36631370544433,0,1
2023-05-26 00:00:00-04:00,171.60187949980389,174.0275895351184,171.39395459047836,173.69094848632812,54835000,0.0,0.0,164.80579620361328,150.4007730102539,0,1
2023-05-30 00:00:00-04:00,175.20579349606086,177.21566879798618,174.81966018947244,175.54241943359375,55964400,0.0,0.0,165.2516146850586,150.44818557739256,0,1
2023-05-31 00:00:00-04:00,175.57212869440465,177.57210865507508,175.00777185545402,175.492919921875,99625300,0.0,0.0,165.648984375,150.47756103515624,0,1
2023-06-01 00:00:00-04:00,175.9384564736909,178.33446519527467,175.17608525533697,178.3047637939453,68901800,0.0,0.0,166.0654153442383,150.51562423706054,0,1
2023-06-02 00:00:00-04:00,179.2354587774889,179.97802407047664,177.4830004559296,179.15625,61996900,0.0,0.0,166.527548828125,150.55873336791993,0,1
2023-06-05 00:00:00-04:00,180.81960374527281,183.11659785767154,176.27509267968756,177.79983520507812,121946500,0.0,0.0,166.94080261230468,150.58757011413573,0,1
2023-06-06 00:00:00-04:00,178.18596289670575,178.33446990727649,175.67113339582835,177.43350219726562,64848400,0.0,0.0,167.32062713623046,150.61654640197753,0,1
2023-06-07 00:00:00-04:00,176.6711459253292,179.41369144392402,175.56225319905127,176.0572967529297,61944600,0.0,0.0,167.71188293457033,150.65160202026368,0,1
2023-06-08 00:00:00-04:00,176.1364684949153,179.04732664647344,175.70084291207064,178.78001403808594,50214900,0.0,0.0,168.17005096435548,150.71973625183105,0,1
2023-06-09 00:00:00-04:00,179.70079329510486,180.42355258623877,178.83942242611607,179.16615295410156,48900000,0.0,0.0,168.57424530029297,150.79147666931152,0,1
2023-06-12 00:00:00-04:00,179.473070311983,182.0670933538608,179.17604119777275,181.96807861328125,54274900,0.0,0.0,169.003037109375,150.87574836730957,0,1
2023-06-13 00:00:00-04:00,180.98788948565831,182.32449774459167,180.63145759510397,181.49282836914062,54929100,0.0,0.0,169.37209747314452,150.94532409667968,0,1
2023-06-14 00:00:00-04:00,181.5522431050323,182.56213604593384,180.21563475820471,182.12649536132812,57462900,0.0,0.0,169.7287170410156,151.04965591430664,0,1
2023-06-15 00:00:00-04:00,182.13639531405346,184.67101539623405,181.95817181365123,184.1660614013672,65433200,0.0,0.0,170.13680633544922,151.17522407531737,0,1
2023-06-16 00:00:00-04:00,184.87893857146415,185.1363708565112,182.4433330473612,183.08688354492188,101256200,0.0,0.0,170.56029022216796,151.3075682067871,0,1
2023-06-20 00:00:00-04:00,182.58193651385486,184.2551858622496,182.58193651385486,183.1759796142578,49799100,0.0,0.0,170.9677587890625,151.44868591308594,0,1
2023-06-21 00:00:00-04:00,183.06709801295077,183.5720521007454,180.7799992383261,182.1364288330078,49515700,0.0,0.0,171.4064434814453,151.5809592437744,0,1
2023-06-22 00:00:00-04:00,181.91859254012144,185.19577812392734,181.84927919785179,185.14627075195312,51245300,0.0,0.0,171.92964721679687,151.7388766479492,0,1
2023-06-23 00:00:00-04:00,183.71064919871634,185.70071866604846,183.17599374881706,184.82943725585938,53117000,0.0,0.0,172.4603564453125,151.9015177154541,0,1
2023-06-26 00:00:00-04:00,184.97794384564872,186.18585111473345,183.39379870692287,183.43341064453125,48088700,0.0,0.0,172.85517669677733,152.05013175964356,0,1
2023-06-27 00:00:00-04:00,184.04728315432985,186.5225008066865,183.8294627923201,186.19577026367188,50730800,0.0,0.0,173.31216552734375,152.21994941711426,0,1
2023-06-28 00:00:00-04:00,186.06705547946467,188.01752821246563,185.74034004157738,187.3739776611328,51216800,0.0,0.0,173.79232299804687,152.38131797790527,0,1
2023-06-29 00:00:00-04:00,187.2056628454855,188.18585447217086,187.06705126158826,187.71060180664062,46347300,0.0,0.0,174.25469268798827,152.51450660705567,0,1
2023-06-30 00:00:00-04:00,189.73036510372253,192.55210381756805,189.36402266288647,192.0471649169922,85213200,0.0,0.0,174.78085540771485,152.7166365814209,0,1
2023-07-03 00:00:00-04:00,191.85904618822673,191.9580609253223,189.85906633761323,190.55213928222656,31458200,0.0,0.0,175.29649719238282,152.90404739379883,0,1
2023-07-05 00:00:00-04:00,189.6709759307026,191.06698713435688,188.7303811843197,189.433349609375,46920300,0.0,0.0,175.82199462890625,153.10035217285156,0,1
2023-07-06 00:00:00-04:00,187.9580817966842,190.1164789605468,187.3244268243397,189.90855407714844,45094300,0.0,0.0,176.35086669921876,153.30726257324218,0,1
2023-07-07 00:00:00-04:00,189.51255404191053,190.7600582083635,188.35415407859097,188.78977966308594,46815000,0.0,0.0,176.88821075439452,153.4899517059326,0,1
2023-07-10 00:00:00-04:00,187.38386117936162,188.10663557063202,185.18586681905202,186.7403106689453,59922200,0.0,0.0,177.38476318359375,153.6504679107666,0,1
2023-07-11 00:00:00-04:00,187.28485666382537,187.4234682366511,184.75023641356677,186.21556091308594,46638100,0.0,0.0,177.77886962890625,153.82403114318848,0,1
2023-07-12 00:00:00-04:00,187.79967464320742,189.7996543975007,186.60167796269752,187.8887939453125,60750200,0.0,0.0,178.18132751464844,154.01078987121582,0,1
2023-07-13 00:00:00-04:00,188.61157199087162,189.29473443261006,187.89870814797314,188.6511688232422,41342300,0.0,0.0,178.60081268310546,154.21274383544923,0,1
2023-07-14 00:00:00-04:00,188.3442359735881,189.28481555311026,187.75019286903466,188.7996826171875,41616200,0.0,0.0,179.04403137207032,154.41376487731932,0,1
2023-07-17 00:00:00-04:00,189.99769273438966,192.39371661286773,189.90858852856573,192.06698608398438,50520200,0.0,0.0,179.57414916992187,154.62624374389648,0,1
2023-07-18 00:00:00-04:00,191.433317028607,192.40359800546008,190.51252831302557,191.80953979492188,48288200,0.0,0.0,180.1319445800781,154.84689704895018,0,1
2023-07-19 00:00:00-04:00,191.18581105243047,196.2649472303636,190.74025980403414,193.16598510742188,80507300,0.0,0.0,180.56302337646486,155.11060188293456,0,1
2023-07-20 00:00:00-04:00,193.1560464503255,194.52237118378105,190.5917250482106,191.21548461914062,59581200,0.0,0.0,180.95647674560547,155.38564552307128,0,1
2023-07-21 00:00:00-04:00,192.17588392818155,193.03725474426253,189.33432409540026,190.03729248046875,71951700,0.0,0.0,181.3605758666992,155.63385467529298,0,1
2023-07-24 00:00:00-04:00,191.4927249435582,192.9778554020486,190.34422042985216,190.83926391601562,45377800,0.0,0.0,181.74531829833984,155.8680869293213,0,1
2023-07-25 00:00:00-04:00,191.4135040021873,192.51250107589357,191.0075647435374,191.70062255859375,37283200,0.0,0.0,182.14353088378905,156.10514762878418,0,1
2023-07-26 00:00:00-04:00,191.75014067908202,193.70061320853526,191.40361930588426,192.57191467285156,47471900,0.0,0.0,182.57778289794922,156.35134483337401,0,1
2023-07-27 00:00:00-04:00,194.07685782549473,195.24515323301043,190.6412547294524,191.3046112060547,47460200,0.0,0.0,182.99658935546876,156.6175203704834,0,1
2023-07-28 00:00:00-04:00,192.74022840055838,194.68080550669023,192.21548351570434,193.88873291015625,48291400,0.0,0.0,183.4670782470703,156.89499031066896,0,1
2023-07-31 00:00:00-04:00,194.11647588529388,194.5422211974479,193.32440317776312,194.5026092529297,38824100,0.0,0.0,183.93756805419923,157.18262573242188,0,1
2023-08-01 00:00:00-04:00,194.29467332466547,194.77980627337752,193.34418318178373,193.67091369628906,35175100,0.0,0.0,184.34469177246095,157.46925666809082,0,1
2023-08-02 00:00:00-04:00,193.10656507331342,193.24517665133837,189.94820018063527,190.67095947265625,50389300,0.0,0.0,184.689638671875,157.71797317504883,0,1
2023-08-03 00:00:00-04:00,189.67094615044647,190.46300354878645,188.79966488324072,189.27490234375,61235200,0.0,0.0,185.025673828125,157.98242683410643,0,1
2023-08-04 00:00:00-04:00,183.68091849305446,185.52248065691288,180.11659975412636,180.1859130859375,115956800,0.0,0.0,185.23220520019532,158.18157623291015,0,1
2023-08-07 00:00:00-04:00,180.32455640774955,181.31464344213896,175.5919415919706,177.0770721435547,97576100,0.0,0.0,185.371015625,158.35857810974122,0,1
2023-08-08 00:00:00-04:00,177.90874423926195,178.48299654054432,175.81965996172053,178.0176544189453,67823000,0.0,0.0,185.5058657836914,158.53974075317382,0,1
2023-08-09 00:00:00-04:00,179.07702506576103,179.13642786663587,175.25528876502239,176.42359924316406,60378500,0.0,0.0,185.56051879882813,158.7152491760254,0,1
2023-08-10 00:00:00-04:00,177.70080592181807,178.95822060931928,175.8394526832055,176.20578002929688,54686900,0.0,0.0,185.5737860107422,158.87054824829102,0,1
2023-08-11 00:00:00-04:00,175.7993034466227,177.0881424893324,175.03590276334816,176.2652587890625,52036700,0.24,0.0,185.58923278808595,159.0154020690918,0,1
2023-08-14 00:00:00-04:00,176.44371711975322,178.14896748076782,175.78937369863468,177.9209442138672,43675600,0.0,0.0,185.5815563964844,159.15429275512696,0,1
2023-08-15 00:00:00-04:00,177.34592099472832,177.94076628789648,175.53161335110406,175.9281768798828,43622600,0.0,0.0,185.51699493408202,159.29795387268067,0,1
2023-08-16 00:00:00-04:00,175.6109506749611,177.00884711894057,174.98634866880315,175.05575561523438,46964900,0.0,0.0,185.46211334228516,159.4596746826172,0,1
2023-08-17 00:00:00-04:00,175.62083731111454,175.9876593304517,171.9922220355352,172.5077667236328,66062900,0.0,0.0,185.3635986328125,159.55474449157714,0,1
2023-08-18 00:00:00-04:00,170.82235510894964,173.59834528388794,170.48527458580276,172.9935760498047,61172200,0.0,0.0,185.30232421875,159.66407035827638,0,1
2023-08-21 00:00:00-04:00,173.5685847246663,174.61949160968172,172.24998915809468,174.33197021484375,46311900,0.0,0.0,185.21336334228516,159.7933441925049,0,1
2023-08-22 00:00:00-04:00,175.541512243613,176.15619021692956,174.73846130997606,175.71005249023438,42038900,0.0,0.0,185.1442413330078,159.95720321655273,0,1
2023-08-23 00:00:00-04:00,176.98900304288458,179.9930163205811,176.80063007696822,179.5666961669922,52722800,0.0,0.0,185.09621368408204,160.17065185546875,0,1
2023-08-24 00:00:00-04:00,179.12058855477642,179.54690878007156,174.5005486639036,174.8673858642578,54945800,0.0,0.0,184.96370483398437,160.3619367980957,0,1
2023-08-25 00:00:00-04:00,175.8587694385985,177.6135787817926,174.31215063473297,177.07821655273438,51449600,0.0,0.0,184.8627392578125,160.56161033630372,0,1
2023-08-28 00:00:00-04:00,178.5455506421133,179.04126265908485,177.0187642861302,178.6446990966797,43820700,0.0,0.0,184.75231201171874,160.76625343322755,0,1
2023-08-29 00:00:00-04:00,178.1588778766287,183.31427930675537,177.9605961154563,182.5409698486328,53003900,0.0,0.0,184.74139373779298,161.01323173522948,0,1
2023-08-30 00:00:00-04:00,183.35394480054703,186.23899207960088,183.15566303930453,186.0406951904297,60813900,0.0,0.0,184.7986880493164,161.21847602844238,0,1
2023-08-31 00:00:00-04:00,186.22907807070516,187.49809956371718,185.8721648302999,186.25881958007812,60794500,0.0,0.0,184.8811358642578,161.41084190368653,0,1
2023-09-01 00:00:00-04:00,187.86493132785435,188.2912363685708,186.66530168187228,187.83518981933594,45766500,0.0,0.0,184.93491424560546,161.61809883117675,0,1
2023-09-05 00:00:00-04:00,186.66528478025867,188.35070233138782,186.0010326036107,188.07310485839844,45280000,0.0,0.0,184.99978759765625,161.8178576660156,0,1
2023-09-06 00:00:00-04:00,186.7842777718091,187.23043067946264,179.91371663144653,181.34136962890625,81755800,0.0,0.0,184.95794677734375,161.99012809753418,0,1
2023-09-07 00:00:00-04:00,173.67765269377628,176.6816813943478,172.05171790486162,176.03724670410156,112488800,0.0,0.0,184.75477630615234,162.12635124206543,0,1
2023-09-08 00:00:00-04:00,176.82047189213844,178.69426259870855,176.26526175899272,176.65191650390625,65551300,0.0,0.0,184.54033508300782,162.26283424377442,0,1
2023-09-11 00:00:00-04:00,178.52571023294755,178.75373349578624,175.8191120741523,177.82179260253906,58953100,0.0,0.0,184.34255889892577,162.42135696411134,0,1
2023-09-12 00:00:00-04:00,177.95068488711692,178.58519559094336,173.32073699502078,174.7880401611328,90370200,0.0,0.0,183.9973764038086,162.55399963378906,0,1
2023-09-13 00:00:00-04:00,174.99625134216151,175.77948480311008,172.48794973853728,172.7159881591797,84267900,0.0,0.0,183.64065338134765,162.67188896179198,0,1
2023-09-14 00:00:00-04:00,172.50778112260195,174.58977763559852,172.09138484558866,174.2328643798828,60895800,0.0,0.0,183.3366436767578,162.8119733428955,0,1
2023-09-15 00:00:00-04:00,174.96648860625493,174.9863213204115,172.329312484714,173.50909423828125,109259500,0.0,0.0,183.00865447998046,162.96764015197755,0,1
2023-09-18 00:00:00-04:00,174.9664984209427,177.84163701778533,174.65915940995401,176.4437255859375,67257600,0.0,0.0,182.7617333984375,163.15303520202636,0,1
2023-09-19 00:00:00-04:00,175.99759154247158,178.08949677364237,175.61093679016653,177.5343017578125,51826900,0.0,0.0,182.57761322021486,163.31002174377443,0,1
2023-09-20 00:00:00-04:00,177.72265814247962,178.1588871164402,173.89576095445636,173.98500061035156,58436200,0.0,0.0,182.33300201416014,163.4478797149658,0,1
2023-09-21 00:00:00-04:00,173.05304760725463,174.78803946069445,172.36896268457267,172.4383544921875,63149100,0.0,0.0,182.02399322509766,163.58047233581544,0,1
2023-09-22 00:00:00-04:00,173.17203432298646,175.5613698772793,172.55735626241975,173.29100036621094,56725400,0.0,0.0,181.71678985595702,163.72315277099608,0,1
2023-09-25 00:00:00-04:00,172.70604916227998,175.4522977411563,172.65647493916612,174.56993103027344,46172700,0.0,0.0,181.43219482421875,163.89059005737306,0,1
2023-09-26 00:00:00-04:00,173.32073296072448,173.6974637546494,170.18782981503577,170.48526000976562,64588900,0.0,0.0,181.00056030273439,164.04732795715333,0,1
2023-09-27 00:00:00-04:00,171.13960475321795,171.5560010147378,167.6002289663342,168.9683837890625,66921800,0.0,0.0,180.54373718261718,164.18804077148437,0,1
2023-09-28 00:00:00-04:00,167.88772217595067,170.5546549284134,166.18247183150447,169.2261505126953,56294400,0.0,0.0,180.06494049072265,164.33246116638185,0,1
2023-09-29 00:00:00-04:00,170.5447655196905,171.58576377459906,168.87916528625075,169.74171447753906,51861100,0.0,0.0,179.63546508789062,164.46795837402342,0,1
2023-10-02 00:00:00-04:00,169.75161672914737,172.8052044328195,169.46409530048962,172.25991821289062,52164500,0.0,0.0,179.27991760253906,164.61120925903322,0,1
2023-10-03 00:00:00-04:00,170.78269477378157,172.14095595651972,169.3550569046923,170.92149353027344,49594600,0.0,0.0,178.88156219482423,164.7589234161377,0,1
2023-10-04 00:00:00-04:00,169.62271803074952,172.71597100628938,169.50375199905025,172.17068481445312,53020300,0.0,0.0,178.4909634399414,164.94600456237794,0,1
2023-10-05 00:00:00-04:00,172.29956799243436,173.94533544106068,171.19908676207933,173.40997314453125,48527900,0.0,0.0,178.107724609375,165.1491049194336,0,1
2023-10-06 00:00:00-04:00,172.30949278163357,176.46356172729125,171.69479961979252,175.9678497314453,57266700,0.0,0.0,177.80098937988282,165.37555786132813,0,1
2023-10-09 00:00:00-04:00,175.29367439346143,177.51446959158443,174.2923416030924,177.45498657226562,42390800,0.0,0.0,177.472314453125,165.60979202270508,0,1
2023-10-10 00:00:00-04:00,176.5726316175604,178.1787337581922,176.42390893139742,176.86013793945312,43698000,0.0,0.0,177.11946502685547,165.82550338745116,0,1
2023-10-11 00:00:00-04:00,176.6717569025772,178.30761560829964,176.07691156880261,178.25804138183594,47551100,0.0,0.0,176.81120758056642,166.06409828186034,0,1
2023-10-12 00:00:00-04:00,178.52572180730996,180.77624333047942,177.50454119898205,179.1602325439453,56743100,0.0,0.0,176.5809930419922,166.30903045654296,0,1
2023-10-13 00:00:00-04:00,179.8641290223829,180.3697497847248,176.61225971587282,177.31617736816406,51427100,0.0,0.0,176.34181854248047,166.55377548217774,0,1
2023-10-16 00:00:00-04:00,175.23416492964753,177.54418430814493,174.99621776035116,177.18727111816406,52517000,0.0,0.0,176.281845703125,166.81757080078125,0,1
2023-10-17 00:00:00-04:00,175.1350405719026,176.88986525789463,173.3009152798367,175.63075256347656,57549400,0.0,0.0,176.25291931152344,167.0559619522095,0,1
2023-10-18 00:00:00-04:00,174.07420545389226,176.0570532000882,173.608235023302,174.33197021484375,54764400,0.0,0.0,176.1792056274414,167.28627948760987,0,1
2023-10-19 00:00:00-04:00,174.53027383635083,176.31484005715805,173.68757251536525,173.95526123046875,59302900,0.0,0.0,176.1298388671875,167.53870273590087,0,1
2023-10-20 00:00:00-04:00,173.80652221036553,173.9155794449356,171.15942220172326,171.39736938476562,64244000,0.0,0.0,176.03367065429688,167.77196895599366,0,1
2023-10-23 00:00:00-04:00,169.4442697526279,172.51767489960218,168.4726633962427,171.51634216308594,55980100,0.0,0.0,175.93869232177735,168.01244441986083,0,1
2023-10-24 00:00:00-04:00,171.56592094062157,172.18059896074934,169.97963653831403,171.95257568359375,43816600,0.0,0.0,175.81932495117186,168.23239532470703,0,1
2023-10-25 00:00:00-04:00,170.40595412753765,171.57582713235345,169.1864917714858,169.6326446533203,57157000,0.0,0.0,175.69341430664062,168.43813026428222,0,1
2023-10-26 00:00:00-04:00,168.9088912991807,169.91023915738614,164.24920182104776,165.458740234375,70625300,0.0,0.0,175.50147399902343,168.62013290405272,0,1
2023-10-27 00:00:00-04:00,165.4785656118454,167.5109876180873,165.3992498850538,166.77732849121094,58499100,0.0,0.0,175.386865234375,168.7951047515869,0,1
2023-10-30 00:00:00-04:00,167.57047708446643,169.70203248533966,167.42175441803172,168.82957458496094,51131000,0.0,0.0,175.30358520507812,168.9807327270508,0,1
2023-10-31 00:00:00-04:00,167.89766069037708,169.43435579022267,166.4600837859852,169.30548095703125,44846000,0.0,0.0,175.20305541992187,169.16207664489747,0,1
2023-11-01 00:00:00-04:00,169.5334969755198,172.73579212701503,168.66103905073186,172.47802734375,56934900,0.0,0.0,175.1384149169922,169.35345878601075,0,1
2023-11-02 00:00:00-04:00,174.01474271477764,176.25535548295753,173.95525969593038,176.0471649169922,77334800,0.0,0.0,175.06802429199217,169.56628967285155,0,1
2023-11-03 00:00:00-04:00,172.74571998498175,175.30359567263832,171.8633532465518,175.13504028320312,79829200,0.0,0.0,175.07337738037108,169.77426391601563,0,1
2023-11-06 00:00:00-05:00,174.86738260141615,177.89121391765332,174.6988423245846,177.69293212890625,63841300,0.0,0.0,175.08567169189453,169.9821939086914,0,1
2023-11-07 00:00:00-05:00,177.64333789269085,180.87538968418906,177.4351473327296,180.26071166992188,70530000,0.0,0.0,175.11799194335939,170.18696990966797,0,1
2023-11-08 00:00:00-05:00,180.78617090399572,181.87672821790486,180.03267898856913,181.321533203125,49340300,0.0,0.0,175.09360321044923,170.39004104614258,0,1
2023-11-09 00:00:00-05:00,181.3909282750837,182.54096853276508,180.2507816826859,180.84564208984375,53763500,0.0,0.0,174.9897021484375,170.59403968811034,0,1
2023-11-10 00:00:00-05:00,182.63256439705196,185.2136688107188,182.19576071339824,185.04489135742188,66133400,0.24,0.0,174.96542358398438,170.80866874694823,0,1
2023-11-13 00:00:00-05:00,184.46910132249658,184.67756614585693,182.8708053693486,183.45651245117188,43627500,0.0,0.0,174.87785003662108,171.00563194274903,0,1
2023-11-14 00:00:00-05:00,186.33545119454976,186.74247420260892,184.9456350058848,186.0773468017578,60108400,0.0,0.0,174.8379348754883,171.2301619720459,0,1
2023-11-15 00:00:00-05:00,186.484378412078,188.12237722055318,186.41488002550872,186.64320373535156,53790500,0.0,0.0,174.94397155761717,171.4511538696289,0,1
2023-11-16 00:00:00-05:00,188.19184420357837,189.57173837709286,187.27851922089127,188.33082580566406,54412900,0.0,0.0,175.18984313964845,171.67495666503908,0,1
2023-11-17 00:00:00-05:00,188.86690055056806,188.99596031021713,187.19912126214516,188.31097412109375,50922700,0.0,0.0,175.4230242919922,171.87205490112305,0,1
2023-11-20 00:00:00-05:00,188.50952517211448,190.51484429092645,188.4996033239707,190.0581817626953,46505100,0.0,0.0,175.66775207519532,172.05972442626953,0,1
2023-11-21 00:00:00-05:00,190.0184652287441,190.12766614172318,188.36060783923182,189.25405883789062,38134500,0.0,0.0,175.95707244873046,172.25704627990723,0,1
2023-11-22 00:00:00-05:00,190.09787347152113,191.52739194971423,189.44266803493824,189.91917419433594,39617700,0.0,0.0,176.3011361694336,172.4432804107666,0,1
2023-11-24 00:00:00-05:00,189.48240986788565,189.5121905622833,187.874191778969,188.58895874023438,24048300,0.0,0.0,176.58825805664063,172.6363388824463,0,1
2023-11-27 00:00:00-05:00,188.5393075690696,189.28385517880056,187.52671857843467,188.41024780273438,40552600,0.0,0.0,176.8862811279297,172.83368659973144,0,1
2023-11-28 00:00:00-05:00,188.4003202806091,189.690872461515,188.02307798905798,189.01580810546875,38415400,0.0,0.0,177.13772277832032,173.03223289489745,0,1
2023-11-29 00:00:00-05:00,189.5121772909601,190.69352857887446,187.5962153955331,187.99330139160156,43014200,0.0,0.0,177.34690277099608,173.2116269683838,0,1
2023-11-30 00:00:00-05:00,188.4598756228668,188.93639696992793,186.82187704243873,188.56907653808594,48794400,0.0,0.0,177.63858428955078,173.39711334228517,0,1
2023-12-01 00:00:00-05:00,188.94631294335792,190.1673666680402,187.85430382511626,189.84970092773438,45704800,0.0,0.0,177.98681121826172,173.57847297668457,0,1
2023-12-04 00:00:00-05:00,188.59886103241988,188.66835941071503,186.08725507958516,188.0528564453125,43389500,0.0,0.0,178.28204833984375,173.75885696411132,0,1
2023-12-05 00:00:00-05:00,188.82719982806023,192.9867262414063,188.79740398889692,192.01385498046875,66628400,0.0,0.0,178.63092681884766,173.96478042602538,0,1
2023-12-06 00:00:00-05:00,193.03636454966008,193.3441084564195,190.71337975554792,190.92185974121094,41089700,0.0,0.0,179.03965881347656,174.18536453247071,0,1
2023-12-07 00:00:00-05:00,192.22231940614063,193.58235469178888,192.1826017223777,192.857666015625,47477700,0.0,0.0,179.51744445800782,174.4135018157959,0,1
2023-12-08 00:00:00-05:00,192.7881840281593,194.56517940505597,192.26203828251843,194.28721618652344,53406400,0.0,0.0,180.01866577148436,174.6463645172119,0,1
2023-12-11 00:00:00-05:00,191.70612101402028,192.08336332058192,190.02840462687192,191.77560424804688,60943700,0.0,0.0,180.45934356689452,174.8799673461914,0,1
2023-12-12 00:00:00-05:00,191.67632450221151,193.30440121762786,190.32621099568146,193.2944793701172,52696900,0.0,0.0,180.88003479003908,175.11518295288087,0,1
2023-12-13 00:00:00-05:00,193.67171305530522,196.56056130389416,193.43346752411227,196.52085876464844,70404200,0.0,0.0,181.39202209472657,175.36905151367188,0,1
2023-12-14 00:00:00-05:00,196.5803967059876,198.16875560001898,194.7339183201312,196.66973876953125,66831600,0.0,0.0,181.88200317382814,175.63404609680177,0,1
2023-12-15 00:00:00-05:00,196.09396456637802,196.95763485816647,195.56781885438525,196.13368225097656,128538400,0.0,0.0,182.33647735595704,175.893394241333,0,1
2023-12-18 00:00:00-05:00,194.66443959475328,195.20052232582978,192.9768014723469,194.4658966064453,55751900,0.0,0.0,182.70643829345704,176.11909225463867,0,1
2023-12-19 00:00:00-05:00,194.73394198979324,195.5181921115413,194.46590061872467,195.50827026367188,40714100,0.0,0.0,183.06750396728515,176.3361600494385,0,1
2023-12-20 00:00:00-05:00,195.46856356116558,196.24289187855894,193.4136199951172,193.4136199951172,52242800,0.0,0.0,183.39857360839844,176.5537787628174,0,1
2023-12-21 00:00:00-05:00,194.67436895686498,195.64724016492798,192.09326476649224,193.26467895507812,46482500,0.0,0.0,183.69870635986328,176.76437446594238,0,1
2023-12-22 00:00:00-05:00,193.7610508645393,193.98938969071887,191.56712585784612,192.1925506591797,37149600,0.0,0.0,183.95935272216798,176.98088088989257,0,1
2023-12-26 00:00:00-05:00,192.20247183256527,192.48043504376977,191.42814358023,191.64654541015625,28919300,0.0,0.0,184.24596008300782,177.2049893951416,0,1
2023-12-27 00:00:00-05:00,191.09062871652011,192.09328069742187,189.7007974418798,191.74581909179688,48087700,0.0,0.0,184.53713104248047,177.4198553466797,0,1
2023-12-28 00:00:00-05:00,192.72862541967714,193.24484932489418,191.76567598880632,192.17269897460938,34049900,0.0,0.0,184.86796997070311,177.62637535095215,0,1
2023-12-29 00:00:00-05:00,192.4903607097449,192.98672576072192,190.33613820624774,191.1303253173828,42672100,0.0,0.0,185.20393707275392,177.82570602416993,0,1
